file,species
19e58cc5e.png,Common Chickweed
4ac29bbf0.png,Common Chickweed
0c51bf229.png,Maize
3ebbe9ca4.png,Charlock
24a058589.png,Charlock
1be0713da.png,Cleavers
8311740de.png,Fat Hen
42e7ed442.png,Shepherds Purse
5315c2dca.png,Loose Silky-bent
099b961ec.png,Shepherds Purse
05341a8a6.png,Scentless Mayweed
a74d475c2.png,Common Chickweed
e5e3dccff.png,Common wheat
b9062c1c8.png,Sugar beet
d689256be.png,Black-grass
a254d71f6.png,Black-grass
e4d5ec761.png,Black-grass
da9ef7858.png,Charlock
7c85b0265.png,Loose Silky-bent
75cb95e91.png,Charlock
8a4d3a1b1.png,Loose Silky-bent
615d2b0a9.png,Sugar beet
af45e222a.png,Scentless Mayweed
3a909ead8.png,Small-flowered Cranesbill
5ca0205f9.png,Charlock
d2fd9df40.png,Black-grass
6ba4ef411.png,Cleavers
699d3c707.png,Sugar beet
a9d2eab61.png,Black-grass
f593c9cf0.png,Sugar beet
c50335991.png,Fat Hen
165681fd9.png,Shepherds Purse
a74bf916d.png,Shepherds Purse
71b232519.png,Black-grass
64fe8beb9.png,Scentless Mayweed
0d31e6602.png,Small-flowered Cranesbill
2693e5c65.png,Maize
6982a9d30.png,Small-flowered Cranesbill
0dba99002.png,Sugar beet
728eabae1.png,Charlock
cbba27d89.png,Maize
6b721f68e.png,Black-grass
5b63dcc21.png,Common Chickweed
1758a1baf.png,Common Chickweed
bdde957ec.png,Scentless Mayweed
43ede9de9.png,Charlock
e5881dd33.png,Fat Hen
b130a0632.png,Cleavers
3edf5e9ef.png,Black-grass
52dc7a4d6.png,Common Chickweed
fda0b5c38.png,Common wheat
e4a76885b.png,Maize
3b73c3b61.png,Black-grass
406162ef9.png,Charlock
fea3da57c.png,Sugar beet
d14aa43f3.png,Small-flowered Cranesbill
a0f37c726.png,Small-flowered Cranesbill
c7b07431e.png,Scentless Mayweed
007b3da8b.png,Sugar beet
a93f940d6.png,Scentless Mayweed
cadab6616.png,Shepherds Purse
30ad31220.png,Charlock
c2de6020a.png,Small-flowered Cranesbill
f0ffa00bd.png,Sugar beet
ae90f2827.png,Common Chickweed
bb7621cb3.png,Fat Hen
550a8b7e6.png,Small-flowered Cranesbill
3827436f3.png,Common Chickweed
c0f5d9ac8.png,Small-flowered Cranesbill
0d117d910.png,Common Chickweed
da5255450.png,Common Chickweed
35a90f8d0.png,Scentless Mayweed
71f5323c5.png,Loose Silky-bent
6da892be6.png,Small-flowered Cranesbill
1c52ea820.png,Fat Hen
e783f5a4f.png,Sugar beet
d515398fd.png,Black-grass
a8b431a3e.png,Sugar beet
65d08b894.png,Sugar beet
1191ba346.png,Cleavers
48ef6a2ff.png,Common wheat
429211ee6.png,Fat Hen
258b1183c.png,Cleavers
2d992d1fb.png,Loose Silky-bent
a3d0031fd.png,Loose Silky-bent
df521c0c0.png,Black-grass
2d5058a59.png,Common Chickweed
caa2fbd79.png,Common Chickweed
ac3193f78.png,Common Chickweed
85431c075.png,Loose Silky-bent
592cc5b89.png,Loose Silky-bent
0625f063b.png,Common Chickweed
b7192c70f.png,Common wheat
ede6b84b4.png,Cleavers
a7bd7cadb.png,Fat Hen
66ab0e8d0.png,Charlock
eef131644.png,Loose Silky-bent
b4f7c9214.png,Black-grass
cf46d09c5.png,Common Chickweed
eec1079a1.png,Charlock
f2dc546ca.png,Cleavers
5dcad9a53.png,Small-flowered Cranesbill
b39c71707.png,Maize
5ca2687a4.png,Maize
e3f50adfc.png,Cleavers
8e29abce1.png,Scentless Mayweed
d3331e071.png,Fat Hen
9b9911f20.png,Scentless Mayweed
e5064f6be.png,Sugar beet
c0461776c.png,Common Chickweed
043449b0b.png,Sugar beet
98d819587.png,Shepherds Purse
25fa8d109.png,Common wheat
eaf0815e2.png,Small-flowered Cranesbill
172f9b10b.png,Common Chickweed
a544fc46d.png,Scentless Mayweed
590f5aea6.png,Charlock
c7eb96871.png,Common wheat
756dd5070.png,Common Chickweed
dce2f6612.png,Common Chickweed
0ebf8f2f4.png,Maize
ce3d280eb.png,Common Chickweed
b215531dd.png,Cleavers
f351ce097.png,Loose Silky-bent
c10ccbd82.png,Scentless Mayweed
3d65168c2.png,Common Chickweed
d2f0f326e.png,Charlock
9c0c5b731.png,Loose Silky-bent
071cb3ece.png,Sugar beet
9aa5587fe.png,Loose Silky-bent
93d76fd5d.png,Small-flowered Cranesbill
dcd7ff249.png,Scentless Mayweed
31f3dd81f.png,Black-grass
32a8c8a1d.png,Loose Silky-bent
338c7e907.png,Charlock
9baf94467.png,Sugar beet
8b27bfd2b.png,Small-flowered Cranesbill
f4caf74f9.png,Charlock
7696badea.png,Black-grass
e15fce4f2.png,Scentless Mayweed
c069fc3fa.png,Fat Hen
ef7a5651d.png,Scentless Mayweed
b573b7a56.png,Loose Silky-bent
866be78b0.png,Common Chickweed
33317fc2a.png,Fat Hen
04814f36d.png,Scentless Mayweed
36ed4f215.png,Common Chickweed
4a337a4a9.png,Fat Hen
35cf9fa01.png,Shepherds Purse
79e5ea8fa.png,Common wheat
539961189.png,Common Chickweed
b29339405.png,Black-grass
444473900.png,Fat Hen
e901b0f28.png,Fat Hen
8ca6140ca.png,Black-grass
7506c0c02.png,Scentless Mayweed
24c94a6ca.png,Sugar beet
06d12f6fa.png,Shepherds Purse
5b3000b9a.png,Maize
f4234cf4f.png,Fat Hen
1c680883c.png,Black-grass
8104422bb.png,Common Chickweed
1694a70e4.png,Scentless Mayweed
cf3a8b2fd.png,Loose Silky-bent
060f1dc84.png,Shepherds Purse
33448fe39.png,Black-grass
7691014a1.png,Charlock
1376f3b63.png,Black-grass
37714071b.png,Shepherds Purse
34dd57ca9.png,Black-grass
248436078.png,Cleavers
11d3f68ff.png,Loose Silky-bent
a38b8a581.png,Small-flowered Cranesbill
b5c7fd009.png,Black-grass
fa9f3a8f9.png,Cleavers
8d6991365.png,Black-grass
03ef36742.png,Scentless Mayweed
721b2c47a.png,Fat Hen
48231e475.png,Scentless Mayweed
e52493d0b.png,Common wheat
adb7a032c.png,Loose Silky-bent
78750e0ff.png,Charlock
d563be369.png,Fat Hen
855955aaf.png,Small-flowered Cranesbill
fe9e87b78.png,Scentless Mayweed
1cfd91582.png,Charlock
60ee66ddd.png,Cleavers
809eb0b82.png,Charlock
e14afa235.png,Black-grass
4287d810c.png,Common Chickweed
9516e56c4.png,Black-grass
b47691c08.png,Scentless Mayweed
d41d87796.png,Scentless Mayweed
3fbf1a417.png,Cleavers
785a73ab8.png,Common Chickweed
dfb1d9012.png,Loose Silky-bent
22fbf13d6.png,Black-grass
4bbf1f6ea.png,Shepherds Purse
dc55449b2.png,Sugar beet
f4e7733d4.png,Small-flowered Cranesbill
7d4cd07ad.png,Common Chickweed
71334c634.png,Maize
97844bfd5.png,Shepherds Purse
2126dc71b.png,Common Chickweed
35ebe165c.png,Black-grass
e5297b675.png,Loose Silky-bent
2f0004a7f.png,Common wheat
23e480e64.png,Shepherds Purse
b2706e2b3.png,Common wheat
1f290e016.png,Scentless Mayweed
6edc76e7c.png,Fat Hen
5a6bf96f6.png,Maize
558aa7deb.png,Black-grass
cd6adba97.png,Small-flowered Cranesbill
7d3045fc3.png,Sugar beet
37e545a60.png,Common Chickweed
a169b71e7.png,Charlock
69d1669f8.png,Charlock
e96e57a90.png,Shepherds Purse
446f7da01.png,Black-grass
dd5ec63d9.png,Sugar beet
ad12382d4.png,Black-grass
0f6cbe5e8.png,Maize
1dc7c45df.png,Loose Silky-bent
f23faf9c1.png,Loose Silky-bent
bf66b9cd2.png,Maize
6a41bf95b.png,Scentless Mayweed
41e07778c.png,Cleavers
f445fe6fb.png,Charlock
502dff972.png,Small-flowered Cranesbill
4bcdaa5e2.png,Shepherds Purse
16fd2e01a.png,Small-flowered Cranesbill
55920f07f.png,Maize
4e18ab737.png,Cleavers
fea355851.png,Loose Silky-bent
490c4f9c8.png,Fat Hen
780defa2e.png,Common Chickweed
16357b436.png,Loose Silky-bent
bd72d4d8a.png,Scentless Mayweed
fba8fc78a.png,Loose Silky-bent
e478c452c.png,Fat Hen
fe29629fb.png,Scentless Mayweed
65489944f.png,Shepherds Purse
32c86784b.png,Common Chickweed
ec08a5d56.png,Small-flowered Cranesbill
f9f35cbd4.png,Common Chickweed
8e2e5604e.png,Sugar beet
5af1d74ee.png,Sugar beet
59358cd44.png,Small-flowered Cranesbill
0c45ace27.png,Common Chickweed
55a852f40.png,Common Chickweed
0bf7bfb05.png,Black-grass
a276c65f7.png,Loose Silky-bent
4c7838de4.png,Common Chickweed
1364b297a.png,Cleavers
bb64660b7.png,Sugar beet
ce42adffb.png,Black-grass
ef9676433.png,Charlock
37297a64c.png,Common Chickweed
a2b703e21.png,Small-flowered Cranesbill
86f08e6d1.png,Fat Hen
aecfaed64.png,Shepherds Purse
07e62f903.png,Maize
3f826b318.png,Common Chickweed
506347cfe.png,Cleavers
d0152bd7c.png,Fat Hen
897e5a8de.png,Cleavers
61b044411.png,Loose Silky-bent
ff65bc002.png,Charlock
92292055d.png,Common Chickweed
c7ae30f3a.png,Scentless Mayweed
3f92d8039.png,Black-grass
cf90fc52d.png,Maize
ac75d3326.png,Black-grass
32b42c120.png,Small-flowered Cranesbill
835dc5447.png,Small-flowered Cranesbill
995c7ab1e.png,Black-grass
7cabd68cc.png,Loose Silky-bent
0caeda5df.png,Common wheat
6d6eb3830.png,Shepherds Purse
089ad62a7.png,Common Chickweed
d6c8c3c48.png,Small-flowered Cranesbill
b31292706.png,Common Chickweed
604dd663f.png,Shepherds Purse
beebe5f4e.png,Scentless Mayweed
90d119d25.png,Scentless Mayweed
8301b0547.png,Charlock
8ab8a958b.png,Fat Hen
a2c89c367.png,Charlock
e921021a8.png,Fat Hen
29bab7cad.png,Common Chickweed
6dd095129.png,Common Chickweed
59b2c6f2b.png,Common Chickweed
16467a950.png,Loose Silky-bent
fc6f686fb.png,Sugar beet
270b939cf.png,Common Chickweed
dabe3e5be.png,Small-flowered Cranesbill
a3b375b34.png,Black-grass
8e3ed0a25.png,Small-flowered Cranesbill
c75a82234.png,Scentless Mayweed
3f64c2c1b.png,Black-grass
54b3afd58.png,Cleavers
1fefb54b7.png,Fat Hen
e73e308be.png,Fat Hen
391dcd7fd.png,Black-grass
9326bda1b.png,Common Chickweed
0021e90e4.png,Small-flowered Cranesbill
599c82eea.png,Scentless Mayweed
c85ef220d.png,Common Chickweed
53ceb4657.png,Common Chickweed
99569b224.png,Common wheat
8db450ce3.png,Common Chickweed
5eb9c26a6.png,Black-grass
c74c5b7fc.png,Shepherds Purse
cec5bf198.png,Cleavers
4b155fb07.png,Maize
d17f48d3b.png,Scentless Mayweed
e1a0e3202.png,Black-grass
b145ba9d4.png,Scentless Mayweed
6be169e41.png,Shepherds Purse
e5368474f.png,Scentless Mayweed
3bbef3ecb.png,Scentless Mayweed
25a4c427e.png,Black-grass
23bc8ec4f.png,Common Chickweed
bfab3e3d0.png,Sugar beet
115f93ecc.png,Loose Silky-bent
1f3f44563.png,Maize
0c5f6c493.png,Black-grass
cfd8165e9.png,Charlock
46c14fde2.png,Black-grass
647689543.png,Black-grass
fc3e58836.png,Scentless Mayweed
456d507c0.png,Cleavers
592473c83.png,Black-grass
12625488b.png,Fat Hen
33748968f.png,Cleavers
c8f50f0c3.png,Black-grass
c832e4302.png,Fat Hen
ef65533d5.png,Black-grass
19b51843a.png,Common Chickweed
8303b27ed.png,Loose Silky-bent
90b595f12.png,Common Chickweed
e84464f5a.png,Cleavers
9fab816f2.png,Fat Hen
026716f9b.png,Black-grass
b62dca166.png,Fat Hen
7615e52d3.png,Cleavers
5bc6595f6.png,Maize
0fb233ad6.png,Small-flowered Cranesbill
47b7d8e17.png,Small-flowered Cranesbill
b828443ff.png,Maize
9cce7328c.png,Loose Silky-bent
d5f7dd60a.png,Scentless Mayweed
f4ad9d950.png,Sugar beet
1312065a5.png,Small-flowered Cranesbill
ace8761dd.png,Common Chickweed
824f5d4e5.png,Sugar beet
8e4eaeec0.png,Common Chickweed
1b6a6494d.png,Sugar beet
c6c8d4ba0.png,Black-grass
0c4199daa.png,Loose Silky-bent
2ea664465.png,Sugar beet
8a8d6c712.png,Cleavers
df7cb5f87.png,Common Chickweed
9b4800b42.png,Charlock
752101fdf.png,Small-flowered Cranesbill
856f2910a.png,Small-flowered Cranesbill
1541bdb2e.png,Maize
08d591441.png,Sugar beet
8c9953903.png,Fat Hen
c6b76307d.png,Cleavers
223e4af09.png,Cleavers
6c874918c.png,Black-grass
780bd2a2c.png,Sugar beet
8cf2e3e6c.png,Common Chickweed
e7077322d.png,Scentless Mayweed
d2f422ccb.png,Common Chickweed
288564c76.png,Sugar beet
8b9144917.png,Small-flowered Cranesbill
efe19dc32.png,Charlock
26852751a.png,Charlock
f9ea23fb5.png,Fat Hen
20817c846.png,Scentless Mayweed
d6d80a321.png,Scentless Mayweed
00ef713a8.png,Common Chickweed
96ecad7a1.png,Small-flowered Cranesbill
29ce426a1.png,Common Chickweed
a35fd6fbb.png,Common Chickweed
b6a3f7876.png,Black-grass
f66ae4070.png,Maize
3eda9cbb6.png,Scentless Mayweed
1926e82fd.png,Loose Silky-bent
f8318faf1.png,Scentless Mayweed
87608f7aa.png,Charlock
d93c7ab6d.png,Loose Silky-bent
86676d627.png,Fat Hen
03a2ee656.png,Small-flowered Cranesbill
1821eb11a.png,Scentless Mayweed
4b032563b.png,Common Chickweed
79fba50db.png,Common Chickweed
63c07d340.png,Sugar beet
afcf6abd5.png,Small-flowered Cranesbill
4392d93cf.png,Fat Hen
29f49cd0b.png,Fat Hen
22e79540f.png,Cleavers
976e4e079.png,Common Chickweed
b026bf8ca.png,Loose Silky-bent
f4021df6c.png,Fat Hen
bb1d1bfd3.png,Cleavers
96f14d90c.png,Sugar beet
754b1adf8.png,Small-flowered Cranesbill
085974290.png,Scentless Mayweed
7e9cf1c46.png,Common Chickweed
da231c97f.png,Scentless Mayweed
be341dbdc.png,Loose Silky-bent
4bbfd1e05.png,Cleavers
c64370a72.png,Sugar beet
cbe761896.png,Charlock
37c3108d6.png,Shepherds Purse
599691cd9.png,Small-flowered Cranesbill
e9d48d664.png,Shepherds Purse
1d321253f.png,Fat Hen
ef3e232ad.png,Common Chickweed
a800caead.png,Sugar beet
56112b92c.png,Small-flowered Cranesbill
fd253a74e.png,Cleavers
5817b766d.png,Shepherds Purse
9c32a797e.png,Common wheat
2406d6c99.png,Shepherds Purse
966ae5ad9.png,Loose Silky-bent
d668409ff.png,Black-grass
241e6935a.png,Sugar beet
fea1d13d6.png,Shepherds Purse
36839d5e9.png,Scentless Mayweed
73260a4ee.png,Fat Hen
87f627bf9.png,Common Chickweed
d6d31dcbe.png,Scentless Mayweed
a85fc8c9a.png,Small-flowered Cranesbill
b1cd2a91e.png,Cleavers
cae684f8f.png,Charlock
24d36c52c.png,Common Chickweed
4c5ab9b68.png,Cleavers
47f9e5d91.png,Common Chickweed
5779fe8b4.png,Fat Hen
1d48b7564.png,Black-grass
b7ad92859.png,Shepherds Purse
e19673dc9.png,Charlock
e82017baa.png,Black-grass
fbf88b6be.png,Charlock
39b740f7e.png,Black-grass
acdb75e00.png,Loose Silky-bent
8e6ec1ca6.png,Small-flowered Cranesbill
7b52585da.png,Loose Silky-bent
5296835a0.png,Small-flowered Cranesbill
466bb6d3b.png,Maize
aee6fa3df.png,Loose Silky-bent
2f246d688.png,Small-flowered Cranesbill
b3d6fdb80.png,Shepherds Purse
6bce55e05.png,Cleavers
800a8c17e.png,Fat Hen
d84d37a61.png,Common Chickweed
00c47e980.png,Sugar beet
20e562fd5.png,Sugar beet
3eebd36c6.png,Charlock
606647f64.png,Common Chickweed
48d97c645.png,Small-flowered Cranesbill
71e73a8a0.png,Sugar beet
8170d33c1.png,Maize
56a01b835.png,Cleavers
31fcdc161.png,Maize
a8388a37f.png,Fat Hen
659412b1a.png,Loose Silky-bent
17529c555.png,Scentless Mayweed
bea23d9f8.png,Scentless Mayweed
808578ed5.png,Charlock
80e299ae9.png,Shepherds Purse
9d79a1f0c.png,Small-flowered Cranesbill
187668bde.png,Scentless Mayweed
44e8b8833.png,Small-flowered Cranesbill
a060c1cf8.png,Maize
653193c1a.png,Common wheat
52a87abe5.png,Fat Hen
c5e419015.png,Scentless Mayweed
618de3d7a.png,Charlock
c5e88cd42.png,Common Chickweed
8c98a6e9b.png,Loose Silky-bent
126a71ce0.png,Charlock
e19ad6ac9.png,Charlock
664194d19.png,Small-flowered Cranesbill
721be0a4a.png,Black-grass
55251925f.png,Common Chickweed
50de8a115.png,Shepherds Purse
2a667e099.png,Fat Hen
a1da8be3c.png,Maize
5a38ac566.png,Loose Silky-bent
8cf909eb3.png,Charlock
d102e1a15.png,Cleavers
6db684fff.png,Scentless Mayweed
ab0f67743.png,Black-grass
2bd74d2da.png,Loose Silky-bent
aa7d098d1.png,Common Chickweed
20f983a71.png,Fat Hen
cfb18d262.png,Scentless Mayweed
1d56351b2.png,Common Chickweed
fadc6adbc.png,Charlock
14bb43eee.png,Common wheat
c1ecff98b.png,Black-grass
a55d26a4c.png,Common Chickweed
0086a6340.png,Common Chickweed
03e322a29.png,Sugar beet
892e9d6c6.png,Scentless Mayweed
0437393b1.png,Fat Hen
a8da9c08d.png,Charlock
827279bad.png,Scentless Mayweed
808cf55c6.png,Shepherds Purse
2e86f1085.png,Fat Hen
4f44ca525.png,Common Chickweed
4049a6ea6.png,Loose Silky-bent
205df1df3.png,Fat Hen
e98e5d1d5.png,Black-grass
de0b79659.png,Fat Hen
6049234e6.png,Fat Hen
61dd2cdc5.png,Common wheat
5b3beec58.png,Black-grass
5883b423d.png,Scentless Mayweed
3281183f9.png,Scentless Mayweed
4e1190d78.png,Black-grass
974959ec1.png,Common wheat
c06e7c748.png,Scentless Mayweed
39858776a.png,Cleavers
54c8bb900.png,Charlock
0885e7690.png,Scentless Mayweed
7b21ba6ba.png,Common Chickweed
5bdcfa329.png,Loose Silky-bent
e80a259c5.png,Small-flowered Cranesbill
6edb96d45.png,Cleavers
279df95f2.png,Sugar beet
a8de7c1b7.png,Loose Silky-bent
97b2f0a10.png,Small-flowered Cranesbill
521b27a17.png,Loose Silky-bent
0a64e3e6c.png,Black-grass
bf3924a57.png,Common Chickweed
c0d9e170b.png,Small-flowered Cranesbill
3abb502fb.png,Loose Silky-bent
770a265f5.png,Small-flowered Cranesbill
a1e0a6c02.png,Cleavers
a006a475c.png,Common Chickweed
4e69d100a.png,Small-flowered Cranesbill
4ea7493d5.png,Sugar beet
b341d0aab.png,Common Chickweed
1f5e5554e.png,Small-flowered Cranesbill
41f1c3cdb.png,Fat Hen
1e095a7e1.png,Small-flowered Cranesbill
dabea05f4.png,Black-grass
cb76a7766.png,Fat Hen
0ad9e7dfb.png,Sugar beet
e721c6ac8.png,Black-grass
b7a7f6390.png,Fat Hen
3fbd0fc6a.png,Common Chickweed
7beb2766f.png,Scentless Mayweed
55fed435f.png,Maize
3da774107.png,Fat Hen
686dc7ec8.png,Black-grass
711b46fba.png,Shepherds Purse
0e8492cb1.png,Sugar beet
534e74d83.png,Maize
8b043093d.png,Small-flowered Cranesbill
76dbd1054.png,Scentless Mayweed
675ec1b0b.png,Small-flowered Cranesbill
6b9d6f8c9.png,Sugar beet
25cf6eb73.png,Maize
cd5f0db1c.png,Small-flowered Cranesbill
b687160f5.png,Small-flowered Cranesbill
afa446484.png,Small-flowered Cranesbill
948cdb277.png,Cleavers
b98327bf4.png,Scentless Mayweed
1d0cbd819.png,Loose Silky-bent
c5078bac5.png,Black-grass
a8c8a1db0.png,Shepherds Purse
0ae6668fa.png,Loose Silky-bent
486e59179.png,Common Chickweed
9643fc5f4.png,Charlock
a85b48a95.png,Scentless Mayweed
003d61042.png,Fat Hen
bebcaab66.png,Scentless Mayweed
67e185673.png,Small-flowered Cranesbill
e1809cef2.png,Scentless Mayweed
7d22abf91.png,Scentless Mayweed
74d810f87.png,Loose Silky-bent
8585f9718.png,Black-grass
2a5064f19.png,Common wheat
4e9d3765f.png,Charlock
ba3ce6b3e.png,Scentless Mayweed
53e6e9000.png,Common wheat
59e1cea8d.png,Cleavers
a4b61a4ea.png,Black-grass
668c1007c.png,Charlock
f3fcfff1b.png,Cleavers
78c5fba1d.png,Sugar beet
8874bba69.png,Loose Silky-bent
fef2ade8c.png,Sugar beet
65e97117e.png,Loose Silky-bent
dd9f36df7.png,Small-flowered Cranesbill
3e9f41817.png,Black-grass
5bbc0a255.png,Common Chickweed
ce15eee52.png,Charlock
abf8b0772.png,Scentless Mayweed
3efa1f66c.png,Black-grass
a83820a2c.png,Sugar beet
ffc6f8527.png,Common wheat
e0ec5b6a1.png,Sugar beet
be2499cf4.png,Black-grass
3185294c8.png,Scentless Mayweed
5e6a237f2.png,Sugar beet
a890ac088.png,Charlock
8a30b2de3.png,Sugar beet
da4ed3a28.png,Charlock
b0acaff4a.png,Black-grass
cc74feadc.png,Loose Silky-bent
8916793ce.png,Small-flowered Cranesbill
cb496f36e.png,Loose Silky-bent
8faadb6a8.png,Sugar beet
d350a25fa.png,Common Chickweed
d09275360.png,Sugar beet
e88bf0db9.png,Small-flowered Cranesbill
f33e9d918.png,Scentless Mayweed
da713c465.png,Black-grass
969a851be.png,Scentless Mayweed
9c777333d.png,Common Chickweed
5f04aed97.png,Small-flowered Cranesbill
78b1bf91a.png,Sugar beet
4c8005bbc.png,Black-grass
4f83143e1.png,Maize
a935ca110.png,Loose Silky-bent
1bf9b94a6.png,Scentless Mayweed
fda39e16f.png,Loose Silky-bent
36d62bf36.png,Common wheat
8cfd98117.png,Scentless Mayweed
17a78fb44.png,Common wheat
177d7e2a4.png,Common Chickweed
8d6acbe9b.png,Common Chickweed
d7017f701.png,Fat Hen
a19c3faca.png,Cleavers
17d5e5ac4.png,Loose Silky-bent
bffc08672.png,Scentless Mayweed
02cfeb38d.png,Loose Silky-bent
2b55a2da2.png,Charlock
2dd5cfba9.png,Shepherds Purse
958bb9e96.png,Charlock
fdea6b119.png,Black-grass
f25996db8.png,Small-flowered Cranesbill
6908fb540.png,Sugar beet
5bd71f445.png,Common Chickweed
03566743d.png,Fat Hen
3d38a87bc.png,Loose Silky-bent
20ea96bcc.png,Fat Hen
24d78df74.png,Common Chickweed
bb20fce02.png,Scentless Mayweed
0751c0bbc.png,Sugar beet
aad8375e0.png,Shepherds Purse
d89db156f.png,Small-flowered Cranesbill
dc4cd56a3.png,Loose Silky-bent
74fd477eb.png,Common Chickweed
fd925f542.png,Common Chickweed
a0b393945.png,Small-flowered Cranesbill
3526b05cc.png,Scentless Mayweed
8ece6efec.png,Scentless Mayweed
239bdf640.png,Charlock
963544aa0.png,Black-grass
a5db42f7d.png,Maize
c10db7ae2.png,Maize
862b8e7a0.png,Sugar beet
abc331628.png,Common wheat
7f31c7f42.png,Loose Silky-bent
0ee4ad224.png,Scentless Mayweed
6df8e31ea.png,Charlock
67ce3eaa6.png,Small-flowered Cranesbill
77ccb8b2a.png,Small-flowered Cranesbill
377283a21.png,Maize
d488a4fe1.png,Common wheat
b4c3df835.png,Maize
65e262a6d.png,Charlock
93079d970.png,Sugar beet
f1e87cba7.png,Loose Silky-bent
851c90831.png,Black-grass
88ac6df54.png,Loose Silky-bent
1623fb9e1.png,Fat Hen
24dbc3b21.png,Sugar beet
c60e91e07.png,Black-grass
60fea2ef6.png,Sugar beet
410e6f702.png,Small-flowered Cranesbill
a2d25b4f3.png,Small-flowered Cranesbill
e9cd91682.png,Common Chickweed
5c3cd7ea2.png,Scentless Mayweed
593896f83.png,Common Chickweed
cc3d2a59a.png,Sugar beet
19618ad6a.png,Sugar beet
8bc0261c9.png,Black-grass
99036c51d.png,Black-grass
74068643d.png,Loose Silky-bent
79d93bc96.png,Black-grass
063363305.png,Small-flowered Cranesbill
59c6a9f95.png,Fat Hen
f1f7c833f.png,Shepherds Purse
e15472085.png,Common Chickweed
0911d3dee.png,Common Chickweed
c0bc3997b.png,Scentless Mayweed
3d67c434b.png,Fat Hen
b03397525.png,Loose Silky-bent
ef02b4ee7.png,Sugar beet
bd789d151.png,Common Chickweed
3dd52bd2a.png,Small-flowered Cranesbill
406ecb5c5.png,Charlock
7f46a71db.png,Sugar beet
f9b6bfb00.png,Cleavers
d0cdc768f.png,Common wheat
c35efa095.png,Scentless Mayweed
c4ed8ed38.png,Charlock
39c8fde99.png,Loose Silky-bent
98062cd87.png,Common Chickweed
8455169fe.png,Common wheat
60f0bc617.png,Small-flowered Cranesbill
91e469b4a.png,Charlock
fd87b36ae.png,Black-grass
0c27cf05f.png,Loose Silky-bent
9c8b08a24.png,Black-grass
98da6ef4e.png,Scentless Mayweed
f85ed9b6d.png,Shepherds Purse
060450d79.png,Common Chickweed
4823c3ffa.png,Scentless Mayweed
c26ccf73c.png,Common Chickweed
01291174f.png,Fat Hen
38c054379.png,Small-flowered Cranesbill
b30ab4659.png,Cleavers
8f523520c.png,Shepherds Purse
2d9c798f9.png,Small-flowered Cranesbill
ef74dbcad.png,Scentless Mayweed
bb1c84bbc.png,Black-grass
9df3275da.png,Small-flowered Cranesbill
7fdb7202d.png,Scentless Mayweed
632156793.png,Cleavers
d09d24c58.png,Loose Silky-bent
fa5fd1384.png,Shepherds Purse
6a47821f9.png,Loose Silky-bent
88d8a4508.png,Maize
953496deb.png,Fat Hen
e471f1d3a.png,Charlock
d01873fdd.png,Black-grass
e6f1211a2.png,Sugar beet
b944a49ca.png,Black-grass
f6d250856.png,Shepherds Purse
5ee9d0a5b.png,Loose Silky-bent
aaf4da98f.png,Sugar beet
c63da993b.png,Sugar beet
7a38416be.png,Charlock
26e7ae885.png,Fat Hen
122913909.png,Maize
589e643b8.png,Shepherds Purse
523e5505c.png,Fat Hen
148bbda66.png,Charlock
1b490196c.png,Shepherds Purse
39d569be4.png,Loose Silky-bent
9d3cb4745.png,Common wheat
b6f3d8b5d.png,Scentless Mayweed
13b9fa92d.png,Sugar beet
d9c50616e.png,Sugar beet
79dafec17.png,Loose Silky-bent
e1abb4ff9.png,Sugar beet
c88ebfb47.png,Small-flowered Cranesbill
7f9e9565d.png,Scentless Mayweed
fb022edf9.png,Fat Hen
00d090cde.png,Black-grass
219fd68d5.png,Scentless Mayweed
59f62ad1d.png,Black-grass
c7051c902.png,Common Chickweed
8a32d0bfa.png,Small-flowered Cranesbill
df11d56a7.png,Sugar beet
edfdb4aeb.png,Scentless Mayweed
76555b064.png,Loose Silky-bent
d8f4923f8.png,Common Chickweed
b3e08b037.png,Fat Hen
f48916a8c.png,Scentless Mayweed
8dbb8e1b9.png,Charlock
9a3f20121.png,Loose Silky-bent
19fdf19fb.png,Common wheat
86c309150.png,Sugar beet
1459e96a0.png,Cleavers
82b5f4d33.png,Shepherds Purse
ab35453cb.png,Cleavers
2df78338c.png,Common Chickweed
6680836dd.png,Sugar beet
837ac0270.png,Scentless Mayweed
2ff5cb348.png,Sugar beet
116b136de.png,Sugar beet
